Name,Description,MSRP,Image
Dior,"Dior
Forever Skin Contour Stick",$47.00,https://media.ulta.com/i/ulta/2629065?w=400&$ProductCardNeutralBGLight$&fmt=auto
Dior,"Dior
Forever Skin Perfect Stick",$52.00,https://media.ulta.com/i/ulta/2629069?w=400&$ProductCardNeutralBGLight$&fmt=auto
Dior,"Dior
Sauvage Eau de Toilette",$68.00 - $240.00,https://media.ulta.com/i/ulta/2299553?w=400&$ProductCardNeutralBGLight$&fmt=auto
Dior,"Dior
Miss Dior Eau de Parfum",$108.00 - $215.00,https://media.ulta.com/i/ulta/2585910?w=400&$ProductCardNeutralBGLight$&fmt=auto
Dior,"Dior
Sauvage Eau de Parfum",$85.00 - $275.00,https://media.ulta.com/i/ulta/2525854?w=400&$ProductCardNeutralBGLight$&fmt=auto
Dior,"Dior
Addict Lip Glow Oil",$40.00,https://media.ulta.com/i/ulta/2604383?w=400&$ProductCardNeutralBGLight$&fmt=auto
Dior,"Dior
Miss Dior Blooming Bouquet Eau de Toilette",$93.00 - $178.00,https://media.ulta.com/i/ulta/2604915?w=400&$ProductCardNeutralBGLight$&fmt=auto
Dior,"Dior
Dior Forever Fluid Skin Glow Foundation",$57.00,https://media.ulta.com/i/ulta/2604999?w=400&$ProductCardNeutralBGLight$&fmt=auto
Dior,"Dior
Addict Lip Glow Lip Balm",$40.00,https://media.ulta.com/i/ulta/2604377?w=400&$ProductCardNeutralBGLight$&fmt=auto
Dior,"Dior
Addict Lip Maximizer Gloss",$40.00,https://media.ulta.com/i/ulta/2604279?w=400&$ProductCardNeutralBGLight$&fmt=auto
Dior,"Dior
Sauvage Elixir",$193.00 - $255.00,https://media.ulta.com/i/ulta/2600700?w=400&$ProductCardNeutralBGLight$&fmt=auto
Dior,"Dior
J'adore Eau de Parfum",$108.00 - $215.00,https://media.ulta.com/i/ulta/2047890?w=400&$ProductCardNeutralBGLight$&fmt=auto
Dior,"Dior
J'adore Parfum D'eau Eau de Parfum",$108.00 - $172.00,https://media.ulta.com/i/ulta/2602821?w=400&$ProductCardNeutralBGLight$&fmt=auto
Dior,"Dior
Sauvage Parfum",$105.00 - $335.00,https://media.ulta.com/i/ulta/2552607?w=400&$ProductCardNeutralBGLight$&fmt=auto
Dior,"Dior
Miss Dior Parfum",$115.00 - $172.00,https://media.ulta.com/i/ulta/2621571?w=400&$ProductCardNeutralBGLight$&fmt=auto
Dior,"Dior
Rosy Glow Blush",$40.00,https://media.ulta.com/i/ulta/2612199?w=400&$ProductCardNeutralBGLight$&fmt=auto
Dior,"Dior
Dior Forever Foundation Fluid Matte",$57.00,https://media.ulta.com/i/ulta/2604875?w=400&$ProductCardNeutralBGLight$&fmt=auto
Dior,"Dior
Forever Skin Correct Concealer",$40.00,https://media.ulta.com/i/ulta/2605025?w=400&$ProductCardNeutralBGLight$&fmt=auto
Dior,"Dior
J'adore L'or",$135.00 - $235.00,https://media.ulta.com/i/ulta/2614688?w=400&$ProductCardNeutralBGLight$&fmt=auto
Dior,"Dior
Capture Totale Le Sérum",$125.00 - $165.00,https://media.ulta.com/i/ulta/2611698?w=400&$ProductCardNeutralBGLight$&fmt=auto
Dior,"Dior
Addict Lipstick",$46.00,https://media.ulta.com/i/ulta/2604331?w=400&$ProductCardNeutralBGLight$&fmt=auto
Dior,"Dior
Hypnotic Poison Eau de Toilette",$93.00 - $113.00,https://media.ulta.com/i/ulta/2018642?w=400&$ProductCardNeutralBGLight$&fmt=auto
Dior,"Dior
Rouge Dior Lipstick",$49.00,https://media.ulta.com/i/ulta/2618575?w=400&$ProductCardNeutralBGLight$&fmt=auto
Dior,"Dior
Miss Dior Blooming Bouquet Eau de Toilette Roller-Pearl",$46.00,https://media.ulta.com/i/ulta/2524207?w=400&$ProductCardNeutralBGLight$&fmt=auto
Dior,"Dior
Homme Eau de Toilette",$105.00 - $165.00,https://media.ulta.com/i/ulta/2557599?w=400&$ProductCardNeutralBGLight$&fmt=auto
Dior,"Dior
Dreamskin Care & Perfect - For a Skin-Perfecting, Filter Effect",$100.00 - $180.00,https://media.ulta.com/i/ulta/2625453?w=400&$ProductCardNeutralBGLight$&fmt=auto
Dior,"Dior
Forever Natural Nude Foundation",$57.00,https://media.ulta.com/i/ulta/2604394?w=400&$ProductCardNeutralBGLight$&fmt=auto
Dior,"Dior
Forever Glow Star Filter Multi-Use Highlighter - Complexion Enhancing Fluid",$55.00,https://media.ulta.com/i/ulta/2622884?w=400&$ProductCardNeutralBGLight$&fmt=auto
Dior,"Dior
Sauvage Eau Forte Parfum",$160.00 - $193.00,https://media.ulta.com/i/ulta/2629127?w=400&$ProductCardNeutralBGLight$&fmt=auto
Dior,"Dior
Rouge Dior Forever Transfer-Proof Lipstick",$47.00,https://media.ulta.com/i/ulta/2604466?w=400&$ProductCardNeutralBGLight$&fmt=auto
Dior,"Dior
Miss Dior Rose N'Roses Eau de Toilette",$93.00 - $178.00,https://media.ulta.com/i/ulta/2557598?w=400&$ProductCardNeutralBGLight$&fmt=auto
Dior,"Dior
Diorshow Iconic Overcurl Mascara",$29.00 - $33.00,https://media.ulta.com/i/ulta/2612207?w=400&$ProductCardNeutralBGLight$&fmt=auto
Dior,"Dior
Addict Lip Tint",$40.00,https://media.ulta.com/i/ulta/2604200?w=400&$ProductCardNeutralBGLight$&fmt=auto
Dior,"Dior
Miss Dior Eau de Toilette",$113.00 - $145.00,https://media.ulta.com/i/ulta/2540381?w=400&$ProductCardNeutralBGLight$&fmt=auto
Dior,"Dior
Sauvage Set Eau de Parfum and Travel Spray",$165.00,https://media.ulta.com/i/ulta/2625179?w=400&$ProductCardNeutralBGLight$&fmt=auto
Dior,"Dior
Miss Dior Eau de Parfum Roller-Pearl",$56.00,https://media.ulta.com/i/ulta/2593495?w=400&$ProductCardNeutralBGLight$&fmt=auto
Dior,"Dior
Capture Totale Cell Energy - Firming & Wrinkle-Correcting Cream",$135.00,https://media.ulta.com/i/ulta/2604977?w=400&$ProductCardNeutralBGLight$&fmt=auto
Dior,"Dior
5 Couleurs Couture Eyeshadow Palette",$68.00,https://media.ulta.com/i/ulta/2612194?w=400&$ProductCardNeutralBGLight$&fmt=auto
Dior,"Dior
Forever Natural Matte Velvet Compact Foundation",$60.00,https://media.ulta.com/i/ulta/2625554?w=400&$ProductCardNeutralBGLight$&fmt=auto
Dior,"Dior
Forever Glow Maximizer Longwear Liquid Highlighter",$45.00,https://media.ulta.com/i/ulta/2622873?w=400&$ProductCardNeutralBGLight$&fmt=auto
Dior,"Dior
Diorshow Mascara",$33.00,https://media.ulta.com/i/ulta/2604300?w=400&$ProductCardNeutralBGLight$&fmt=auto
Dior,"Dior
Diorshow Brow Styler Eyebrow Pencil",$35.00,https://media.ulta.com/i/ulta/2612221?w=400&$ProductCardNeutralBGLight$&fmt=auto
Dior,"Dior
Diorshow Maximizer 4D Lash Primer-Serum",$33.00,https://media.ulta.com/i/ulta/2623985?w=400&$ProductCardNeutralBGLight$&fmt=auto
Dior,"Dior
Rouge Dior Contour Lip Liner",$35.00,https://media.ulta.com/i/ulta/2618895?w=400&$ProductCardNeutralBGLight$&fmt=auto
Dior,"Dior
Rouge Dior Forever Liquid Lipstick",$47.00,https://media.ulta.com/i/ulta/2605054?w=400&$ProductCardNeutralBGLight$&fmt=auto
Dior,"Dior
Fahrenheit Eau de Toilette",$105.00 - $130.00,https://media.ulta.com/i/ulta/2021212?w=400&$ProductCardNeutralBGLight$&fmt=auto
Dior,"Dior
Dior Forever Luminizer",$50.00,https://media.ulta.com/i/ulta/2604216?w=400&$ProductCardNeutralBGLight$&fmt=auto
Dior,"Dior
J'adore Eau de Parfum Roller-Pearl",$56.00,https://media.ulta.com/i/ulta/2545266?w=400&$ProductCardNeutralBGLight$&fmt=auto
Dior,"Dior
Diorshow Mascara Waterproof",$33.00,https://media.ulta.com/i/ulta/2604906?w=400&$ProductCardNeutralBGLight$&fmt=auto
Dior,"Dior
Homme Sport Eau de Toilette",$110.00 - $180.00,https://media.ulta.com/i/ulta/2592800?w=400&$ProductCardNeutralBGLight$&fmt=auto
Dior,"Dior
Rouge Blush",$45.00,https://media.ulta.com/i/ulta/2612232?w=400&$ProductCardNeutralBGLight$&fmt=auto
Dior,"Dior
Forever Glow Veil Makeup Primer",$50.00,https://media.ulta.com/i/ulta/2611696?w=400&$ProductCardNeutralBGLight$&fmt=auto
Dior,"Dior
Le Baume Multi-Use Balm with Hyaluronic Acid",$60.00,https://media.ulta.com/i/ulta/2612402?w=400&$ProductCardNeutralBGLight$&fmt=auto
Dior,"Dior
Dior Forever Natural Bronzer",$50.00,https://media.ulta.com/i/ulta/2604293?w=400&$ProductCardNeutralBGLight$&fmt=auto
Dior,"Dior
Sauvage Deodorant Stick",$35.00,https://media.ulta.com/i/ulta/2307456?w=400&$ProductCardNeutralBGLight$&fmt=auto
Dior,"Dior
Homme Cologne Eau de Toilette",$110.00 - $180.00,https://media.ulta.com/i/ulta/2291496?w=400&$ProductCardNeutralBGLight$&fmt=auto
Dior,"Dior
Rouge Dior Lip Balm",$49.00,https://media.ulta.com/i/ulta/2629087?w=400&$ProductCardNeutralBGLight$&fmt=auto
Dior,"Dior
Pure Poison Eau de Parfum",$138.00,https://media.ulta.com/i/ulta/2111960?w=400&$ProductCardNeutralBGLight$&fmt=auto
Dior,"Dior
Capture Totale Cell Energy Eye Serum",$85.00,https://media.ulta.com/i/ulta/2604542?w=400&$ProductCardNeutralBGLight$&fmt=auto
Dior,"Dior
La Mousse Foaming Cleanser",$52.00,https://media.ulta.com/i/ulta/2604215?w=400&$ProductCardNeutralBGLight$&fmt=auto
Dior,"Dior
Diorshow On Stage Liner",$35.00,https://media.ulta.com/i/ulta/2604303?w=400&$ProductCardNeutralBGLight$&fmt=auto
Dior,"Dior
J'adore Eau Lumière Eau de Toilette",$135.00,https://media.ulta.com/i/ulta/2506282?w=400&$ProductCardNeutralBGLight$&fmt=auto
Dior,"Dior
Sauvage Shower Gel",$50.00,https://media.ulta.com/i/ulta/2596235?w=400&$ProductCardNeutralBGLight$&fmt=auto
,,,https://media.ulta.com/i/ulta/2573131?w=400&$ProductCardNeutralBGLight$&fmt=auto
